{"cameraMode":{"drawMode":0,"name":"Shaded","section":"Shading Mode"},"sceneLighting":false,"audioPlay":false,"sceneViewState":{"showFog":true,"showMaterialUpdate":false,"showSkybox":false,"showFlares":true,"showImageEffects":true,"showParticleSystems":true},"in2DMode":false,"pivot":{"x":-5.727543354034424,"y":0.6955995559692383,"z":-4.428260326385498},"rotation":{"x":-0.33298003673553469,"y":0.43809330463409426,"z":-0.1788489818572998,"w":-0.8156194686889648},"size":6.266026496887207,"orthographic":false}