{"cameraMode":{"drawMode":0,"name":"Shaded","section":"Shading Mode"},"sceneLighting":false,"audioPlay":false,"sceneViewState":{"showFog":true,"showMaterialUpdate":false,"showSkybox":false,"showFlares":true,"showImageEffects":true,"showParticleSystems":true},"in2DMode":false,"pivot":{"x":45.310001373291019,"y":5.311894416809082,"z":24.389999389648439},"rotation":{"x":-0.11664682626724243,"y":0.7603368759155273,"z":-0.1423618048429489,"w":-0.6229293346405029},"size":1.5210522413253785,"orthographic":false}